sample	group	contig	position_1_based	reference	alternate	depth	reference_count	alternate_count	alternate_fraction
Abbey	Black	Dgorgon	14	G	C	699	335	364	0.5207
Adelaide	Orange	Dgorgon	84	G	C	548	265	283	0.5164
Alana	Black	Dgorgon	14	G	C	581	305	276	0.4750
Arabella	Black	Dgorgon	14	G	C	519	262	257	0.4952
Arianna	Orange	Dgorgon	84	G	C	301	165	136	0.4518
Bobby	Black	Dgorgon	14	G	C	387	183	204	0.5271
Brayden	Black	Dgorgon	14	G	C	566	291	275	0.4859
Bridget	Orange	Dgorgon	84	G	C	600	301	299	0.4983
Bruce	Orange	Dgorgon	84	G	C	547	251	296	0.5411
Byron	Orange	Dgorgon	84	G	C	431	216	215	0.4988
Cali	Orange	Dgorgon	84	G	C	467	228	239	0.5118
Camilla	Orange	Dgorgon	84	G	C	441	209	232	0.5261
Case	Black	Dgorgon	14	G	C	388	199	189	0.4871
Cason	Black	Dgorgon	14	G	C	588	300	288	0.4898
Damien	Black	Dgorgon	14	G	C	570	294	276	0.4842
Dania	Black	Dgorgon	14	G	C	626	326	300	0.4792
Dereon	Orange	Dgorgon	84	G	C	322	151	171	0.5311
Destiney	Orange	Dgorgon	84	G	C	683	355	328	0.4802
Dominik	Black	Dgorgon	14	G	C	381	176	205	0.5381
Gabrielle	Orange	Dgorgon	84	G	C	334	168	166	0.4970
Giancarlo	Orange	Dgorgon	84	G	C	499	257	242	0.4850
Greta	Black	Dgorgon	14	G	C	315	168	147	0.4667
Israel	Orange	Dgorgon	84	G	C	395	203	192	0.4861
Javion	Orange	Dgorgon	84	G	C	532	273	259	0.4868
Jaylen	Black	Dgorgon	14	G	C	329	160	169	0.5137
Jazlyn	Yellow	Dgorgon	121	C	G	526	250	276	0.5247
Jordyn	Black	Dgorgon	14	G	C	464	244	220	0.4741
Jordyna	Yellow	Dgorgon	121	C	G	305	160	145	0.4754
Joshua	Black	Dgorgon	14	G	C	460	245	215	0.4674
Justus	Black	Dgorgon	14	G	C	575	312	263	0.4574
Kamden	Orange	Dgorgon	84	G	C	625	297	328	0.5248
Karlee	Yellow	Dgorgon	121	C	G	641	326	315	0.4914
Kayla	Yellow	Dgorgon	121	C	G	593	297	296	0.4992
Keaton	Green	Dgorgon	135	G	C	442	235	207	0.4683
Kian	Green	Dgorgon	135	G	C	372	182	190	0.5108
Kirsten	Black	Dgorgon	14	G	C	313	173	140	0.4473
Libby	Yellow	Dgorgon	121	C	G	306	156	150	0.4902
Lorelei	Orange	Dgorgon	84	G	C	352	182	170	0.4830
Mariela	Yellow	Dgorgon	121	C	G	523	270	253	0.4837
Martin	Green	Dgorgon	135	G	C	588	294	294	0.5000
Mckayla	Green	Dgorgon	135	G	C	620	309	311	0.5016
Mckenzie	Black	Dgorgon	14	G	C	342	169	173	0.5058
Natalia	Green	Dgorgon	135	G	C	683	355	328	0.4802
Santiago	Orange	Dgorgon	84	G	C	671	335	336	0.5007
Sarai	Black	Dgorgon	14	G	C	480	230	250	0.5208
Serena	Green	Dgorgon	135	G	C	468	253	215	0.4594
Shelby	Yellow	Dgorgon	121	C	G	466	248	218	0.4678
Sienna	Green	Dgorgon	135	G	C	536	252	284	0.5299
Terry	Orange	Dgorgon	84	G	C	694	362	332	0.4784
Tristian	Black	Dgorgon	14	G	C	393	193	200	0.5089
